PosX	PosY	PosZ		ForceX	ForceY	ForceZ		ThetaX	ThetaY	ThetaZ		TorqueX	TorqueY	TorqueZ		EstTorqueX	EstTorqueY	EstTorqueZ		ResidTorqueX	ResidTorqueY	ResidTorqueZ
4.6	0.4	0		0	0	20		0	-1.44	0		8	-92	0		12.67	-209.23	0		-4.67	117.23	0
4.6	0.4	0		0	0	40		0.06	-1.31	-0.06		16	-184	0		1.11	-191.91	0		14.89	7.91	0
4.6	0.4	0		0	0	60		0	-1.69	0		24	-276	0		14.88	-245.62	0		9.12	-30.38	0
4.6	0.4	0		0	0	80		-0.06	-3.19	-0.06		32	-368	0		34.58	-467.92	0		-2.58	99.92	0
4.6	0.4	0		0	0	100		-0.06	-3.06	-0.06		40	-460	0		33.48	-449.72	0		6.52	-10.28	0
4.6	0.4	0		0	0	120		-0.19	-2.69	-0.19		48	-552	0		43.14	-403.06	0		4.86	-148.94	0
4.6	0.4	0		0	0	140		-0.12	-5	-0.19		56	-644	0		55.05	-738.11	0		0.95	94.11	0
4.6	0.4	0		0	0	160		-0.06	-4.69	-0.12		64	-736	0		45.82	-688.67	0		18.18	-47.33	0
4.6	0.4	0		0	0	180		-0.12	-5.12	-0.19		72	-828	0		56.15	-756.31	0		15.85	-71.69	0
4.6	0.4	0		0	0	200		-0.25	-6.56	-0.25		80	-920	0		83.78	-971.05	0		-3.78	51.05	0
4.6	0.4	0		0	0	220		-0.19	-6.94	-0.25		88	-1012	0		78.62	-1024.09	0		9.38	12.09	0
4.6	0.4	0		0	0	240		-0.25	-6.75	-0.31		96	-1104	0		83.44	-1000.75	0		12.56	-103.25	0
4.6	0.4	0		0	0	260		-0.25	-8.56	-0.31		104	-1196	0		99.42	-1264.57	0		4.58	68.57	0
4.6	0.4	0		0	0	280		-0.12	-8.88	-0.31		112	-1288	0		85.23	-1306.97	0		26.77	18.97	0
4.6	0.4	0		0	0	300		-0.19	-8	-0.25		120	-1380	0		87.98	-1178.74	0		32.02	-201.26	0
4.6	0.4	0		0	0	320		-0.38	-10.31	-0.44		128	-1472	0		127.81	-1527.21	0		0.19	55.21	0
4.6	0.4	0		0	0	340		-0.38	-10.81	-0.44		136	-1564	0		132.22	-1599.99	0		3.78	35.99	0
4.6	0.4	0		0	0	360		-0.31	-10.38	-0.44		144	-1656	0		119.89	-1534.77	0		24.11	-121.23	0
4.6	0.4	0		0	0	380		-0.56	-12.5	-0.5		152	-1748	0		170.53	-1852.66	0		-18.53	104.66	0
4.6	0.4	0		0	0	400		-0.5	-11.38	-0.44		160	-1840	0		154.13	-1684.95	0		5.87	-155.05	0
4.6	0.4	0		0	0	420		-0.5	-11.44	-0.56		168	-1932	0		150.69	-1698.89	0		17.31	-233.11	0
4.6	0.1	0		0	0	20		0	-1.25	0		2	-92	0		11.02	-181.94	0		-9.02	89.94	0
4.6	0.1	0		0	0	40		0.06	-1.5	-0.06		4	-184	0		2.76	-219.2	0		1.24	35.2	0
4.6	0.1	0		0	0	60		0.06	-1.38	0		6	-276	0		3.65	-198.59	0		2.35	-77.41	0
4.6	0.1	0		0	0	80		0.12	-2.94	-0.06		8	-368	0		6.96	-426.9	0		1.04	58.9	0
4.6	0.1	0		0	0	100		0.06	-3.06	-0.12		10	-460	0		14.54	-449.05	0		-4.54	-10.95	0
4.6	0.1	0		0	0	120		0.12	-3.25	-0.12		12	-552	0		7.72	-474.8	0		4.28	-77.2	0
4.6	0.1	0		0	0	140		0.19	-4.75	-0.12		14	-644	0		12.47	-691.59	0		1.53	47.59	0
4.6	0.1	0		0	0	160		0.12	-5.75	-0.19		16	-736	0		27.77	-841.1	0		-11.77	105.1	0
4.6	0.1	0		0	0	180		0.19	-5.19	-0.12		18	-828	0		16.33	-755.27	0		1.67	-72.73	0
4.6	0.1	0		0	0	200		0.31	-6.81	-0.19		20	-920	0		11.72	-991.12	0		8.28	71.12	0
4.6	0.1	0		0	0	220		0.25	-6.38	-0.19		22	-1012	0		16.34	-928.99	0		5.66	-83.01	0
4.6	0.1	0		0	0	240		0.31	-7.19	-0.25		24	-1104	0		13.03	-1048.12	0		10.97	-55.88	0
4.6	0.1	0		0	0	260		0.31	-8.62	-0.31		26	-1196	0		23.72	-1259.77	0		2.28	63.77	0
4.6	0.1	0		0	0	280		0.25	-8.88	-0.25		28	-1288	0		36.39	-1295.29	0		-8.39	7.29	0
4.6	0.1	0		0	0	300		0.19	-8.69	-0.38		30	-1380	0		39.22	-1274.38	0		-9.22	-105.62	0
4.6	0.1	0		0	0	320		0.31	-10.44	-0.31		32	-1472	0		39.7	-1523.59	0		-7.7	51.59	0
4.6	0.1	0		0	0	340		0.31	-10.44	-0.31		34	-1564	0		39.7	-1523.59	0		-5.7	-40.41	0
4.6	0.1	0		0	0	360		0.31	-10.38	-0.38		36	-1656	0		37.15	-1516.91	0		-1.15	-139.09	0
4.6	0.1	0		0	0	380		0.38	-12.62	-0.44		38	-1748	0		46.53	-1845.28	0		-8.53	97.28	0
4.6	0.1	0		0	0	400		0.25	-11.5	-2.38		40	-1840	0		-8.2	-1759.55	0		48.2	-80.45	0
4.6	0.1	0		0	0	420		0.38	-12.5	-0.44		42	-1932	0		45.42	-1827.09	0		-3.42	-104.91	0
4.6	-0.2	0		0	0	20		0.19	-1.25	-0.06		-4	-92	0		-16.39	-179.73	0		12.39	87.73	0
4.6	-0.2	0		0	0	40		0.19	-1.88	-0.06		-8	-184	0		-10.88	-270.7	0		2.88	86.7	0
4.6	-0.2	0		0	0	60		0.06	-1.5	-0.06		-12	-276	0		2.76	-219.2	0		-14.76	-56.8	0
4.6	-0.2	0		0	0	80		0.25	-3	-0.12		-16	-368	0		-11.43	-435.32	0		-4.57	67.32	0
4.6	-0.2	0		0	0	100		0.44	-3.31	-0.12		-20	-460	0		-34.09	-476.18	0		14.09	16.18	0
4.6	-0.2	0		0	0	120		0.31	-3.31	0		-24	-552	0		-13.16	-474.43	0		-10.84	-77.57	0
4.6	-0.2	0		0	0	140		0.62	-5.06	-0.06		-28	-644	0		-42.09	-723.85	0		14.09	79.85	0
4.6	-0.2	0		0	0	160		0.38	-4.81	-0.19		-32	-736	0		-14.39	-698.47	0		-17.61	-37.53	0
4.6	-0.2	0		0	0	180		0.69	-5.06	-0.12		-36	-828	0		-52.55	-724.72	0		16.55	-103.28	0
4.6	-0.2	0		0	0	200		0.56	-6.44	-0.19		-40	-920	0		-25.48	-930.36	0		-14.52	10.36	0
4.6	-0.2	0		0	0	220		0.69	-6.62	-0.12		-44	-1012	0		-38.78	-952.15	0		-5.22	-59.85	0
4.6	-0.2	0		0	0	240		0.5	-6.12	-0.19		-48	-1104	0		-19.76	-886.42	0		-28.24	-217.58	0
4.6	-0.2	0		0	0	260		0.94	-9.06	-0.19		-52	-1196	0		-53.17	-1303.18	0		1.17	107.18	0
4.6	-0.2	0		0	0	280		1	-8.81	-0.25		-56	-1288	0		-65.84	-1267.66	0		9.84	-20.34	0
4.6	-0.2	0		0	0	300		1	-7.94	-0.31		-60	-1380	0		-75.55	-1142.72	0		15.55	-237.28	0
4.6	-0.2	0		0	0	320		1.31	-10.88	-0.31		-64	-1472	0		-92.02	-1562.57	0		28.02	90.57	0
4.6	-0.2	0		0	0	340		1.25	-10.56	-0.31		-68	-1564	0		-86.3	-1518.63	0		18.3	-45.37	0
4.6	-0.2	0		0	0	360		1.25	-10.62	-0.25		-72	-1656	0		-83.76	-1525.31	0		11.76	-130.69	0
4.6	-0.2	0		0	0	380		1.31	-12.56	-0.38		-76	-1748	0		-79.13	-1810.61	0		3.13	62.61	0
4.6	-0.2	0		0	0	400		1.19	-11.69	-0.44		-80	-1840	0		-71.89	-1688.75	0		-8.11	-151.25	0
4.6	-0.2	0		0	0	420		1.56	-12.25	-0.38		-84	-1932	0		-115.78	-1758.95	0		31.78	-173.05	0
4.1	0.4	0		0	0	20		-0.06	-1.31	-0.06		8	-82	0		18.05	-195	0		-10.05	113	0
4.1	0.4	0		0	0	40		-0.06	-1.06	-0.06		16	-164	0		15.85	-158.61	0		0.15	-5.39	0
4.1	0.4	0		0	0	60		-0.06	-1.38	0		24	-246	0		20.6	-201.68	0		3.4	-44.32	0
4.1	0.4	0		0	0	80		-0.06	-2.25	0		32	-328	0		28.31	-329.04	0		3.69	1.04	0
4.1	0.4	0		0	0	100		-0.06	-2.75	-0.12		40	-410	0		28.73	-406.65	0		11.27	-3.35	0
4.1	0.4	0		0	0	120		-0.19	-2.81	-0.12		48	-492	0		46.23	-418.84	0		1.77	-73.16	0
4.1	0.4	0		0	0	140		-0.19	-4.19	-0.12		56	-574	0		58.35	-618.98	0		-2.35	44.98	0
4.1	0.4	0		0	0	160		-0.25	-4.38	0.25		64	-656	0		80.43	-633.31	0		-16.43	-22.69	0
4.1	0.4	0		0	0	180		-0.25	-4.44	-0.19		72	-738	0		67.04	-659.33	0		4.96	-78.67	0
4.1	0.4	0		0	0	200		-0.31	-5.5	-0.19		80	-820	0		84.88	-815.52	0		-4.88	-4.48	0
4.1	0.4	0		0	0	220		-0.06	-5.69	-0.19		88	-902	0		52.64	-836.64	0		35.36	-65.36	0
4.1	0.4	0		0	0	240		-0.31	-5.69	-0.19		96	-984	0		86.53	-842.81	0		9.47	-141.19	0
4.1	0.4	0		0	0	260		-0.38	-6.75	-0.25		104	-1066	0		102.38	-1001.43	0		1.62	-64.57	0
4.1	0.4	0		0	0	280		-0.38	-7.81	-0.25		112	-1148	0		111.75	-1156.08	0		0.25	8.08	0
4.1	0.4	0		0	0	300		-0.38	-7.56	-0.25		120	-1230	0		109.54	-1119.69	0		10.46	-110.31	0
4.1	0.4	0		0	0	320		-0.56	-8.44	-0.44		128	-1312	0		136.7	-1258.93	0		-8.7	-53.07	0
4.1	0.4	0		0	0	340		-0.5	-8.5	-0.62		136	-1394	0		122.8	-1273.74	0		13.2	-120.26	0
4.1	0.4	0		0	0	360		-0.38	-8.88	-0.25		144	-1476	0		121.12	-1310.73	0		22.88	-165.27	0
4.1	0.4	0		0	0	380		-0.81	-10.31	-0.62		152	-1558	0		181.15	-1545.27	0		-29.15	-12.73	0
4.1	0.4	0		0	0	400		-0.62	-10.56	-0.38		160	-1640	0		165.9	-1567.36	0		-5.9	-72.64	0
4.1	0.4	0		0	0	420		-0.94	-10.44	-0.5		168	-1722	0		203.18	-1561.72	0		-35.18	-160.28	0
4.1	0.4	0		0	0	440		-0.75	-11.88	-0.56		176	-1804	0		188.44	-1768.74	0		-12.44	-35.26	0
4.1	0.4	0		0	0	460		-0.81	-12.44	-0.75		184	-1886	0		195.9	-1859.41	0		-11.9	-26.59	0
4.1	0.4	0		0	0	480		-1	-12.31	-0.56		192	-1968	0		226.19	-1838.6	0		-34.19	-129.4	0
4.1	0.1	0		0	0	20		0.06	-1.31	-0.06		2	-82	0		1.11	-191.91	0		0.89	109.91	0
4.1	0.1	0		0	0	40		0.06	-1.56	-0.06		4	-164	0		3.31	-228.3	0		0.69	64.3	0
4.1	0.1	0		0	0	60		0.06	-1.38	0		6	-246	0		3.65	-198.59	0		2.35	-47.41	0
4.1	0.1	0		0	0	80		0.19	-2.56	-0.06		8	-328	0		-4.82	-370.77	0		12.82	42.77	0
4.1	0.1	0		0	0	100		0.06	-2.56	-0.06		10	-410	0		12.13	-373.86	0		-2.13	-36.14	0
4.1	0.1	0		0	0	120		0.06	-2.75	-0.06		12	-492	0		13.78	-401.15	0		-1.78	-90.85	0
4.1	0.1	0		0	0	140		0.19	-4.38	-0.12		14	-574	0		9.17	-637	0		4.83	63	0
4.1	0.1	0		0	0	160		0.19	-4.06	-0.12		16	-656	0		6.41	-591.52	0		9.59	-64.48	0
4.1	0.1	0		0	0	180		0.19	-4.19	-0.12		18	-738	0		7.52	-609.71	0		10.48	-128.29	0
4.1	0.1	0		0	0	200		0.25	-6.19	-0.19		20	-820	0		14.68	-901.69	0		5.32	81.69	0
4.1	0.1	0		0	0	220		0.19	-5.81	-0.19		22	-902	0		19.85	-848.66	0		2.15	-53.34	0
4.1	0.1	0		0	0	240		0.25	-6.12	-0.25		24	-984	0		12.14	-895.01	0		11.86	-88.99	0
4.1	0.1	0		0	0	260		0.31	-7.38	-0.31		26	-1066	0		12.7	-1077.83	0		13.3	11.83	0
4.1	0.1	0		0	0	280		0.31	-7.25	-0.31		28	-1148	0		11.59	-1059.64	0		16.41	-88.36	0
4.1	0.1	0		0	0	300		0.38	-7.44	-0.31		30	-1230	0		4.77	-1085.38	0		25.23	-144.62	0
4.1	0.1	0		0	0	320		0.31	-9	-0.38		32	-1312	0		25.03	-1316.77	0		6.97	4.77	0
4.1	0.1	0		0	0	340		0.31	-9	-0.25		34	-1394	0		29.01	-1311.94	0		4.99	-82.06	0
4.1	0.1	0		0	0	360		0.31	-8.94	-0.31		36	-1476	0		26.47	-1305.26	0		9.53	-170.74	0
4.1	0.1	0		0	0	380		0.38	-10.56	-0.38		38	-1558	0		30.33	-1542.66	0		7.67	-15.34	0
4.1	0.1	0		0	0	400		0.31	-10.81	-0.38		40	-1640	0		41.01	-1580.59	0		-1.01	-59.41	0
4.1	0.1	0		0	0	420		0.44	-10.75	-0.69		42	-1722	0		13.55	-1580.49	0		28.45	-141.51	0
4.1	0.1	0		0	0	440		0.38	-12.12	-1		44	-1804	0		24.19	-1794.26	0		19.81	-9.74	0
4.1	0.1	0		0	0	460		0.38	-12.25	-1.06		46	-1886	0		23.3	-1814.87	0		22.7	-71.13	0
4.1	0.1	0		0	0	480		0.5	-12.25	-1.06		48	-1968	0		6.35	-1811.78	0		41.65	-156.22	0
4.1	0.1	0		0	0	500		0.44	-14.25	-0.62		50	-2050	0		46.4	-2087.52	0		3.6	37.52	0
4.1	0.1	0		0	0	520		0.56	-13.94	-0.69		52	-2132	0		24.71	-2041.36	0		27.29	-90.64	0
4.1	0.1	0		0	0	540		0.38	-13.81	-0.56		54	-2214	0		53.01	-2022.96	0		0.99	-191.04	0
4.1	-0.2	0		0	0	20		0.06	-1.19	-0.06		-4	-82	0		0	-173.72	0		-4	91.72	0
4.1	-0.2	0		0	0	40		0.19	-1.44	-0.06		-8	-164	0		-14.74	-207.02	0		6.74	43.02	0
4.1	-0.2	0		0	0	60		0.12	-1.31	0		-12	-246	0		-5.37	-187.95	0		-6.63	-58.05	0
4.1	-0.2	0		0	0	80		0.31	-2.94	-0.06		-16	-328	0		-18.46	-422.26	0		2.46	94.26	0
4.1	-0.2	0		0	0	100		0.19	-2.25	-0.12		-20	-410	0		-9.57	-327.7	0		-10.43	-82.3	0
4.1	-0.2	0		0	0	120		0.31	-3.19	-0.12		-24	-492	0		-18.25	-461.07	0		-5.75	-30.93	0
4.1	-0.2	0		0	0	140		0.5	-4.44	-0.25		-28	-574	0		-36.63	-643.21	0		8.63	69.21	0
4.1	-0.2	0		0	0	160		0.5	-4.5	-0.19		-32	-656	0		-34.09	-649.89	0		2.09	-6.11	0
4.1	-0.2	0		0	0	180		0.62	-4.19	-0.12		-36	-738	0		-51.8	-598.9	0		15.8	-139.1	0
4.1	-0.2	0		0	0	200		0.69	-5.19	-0.12		-40	-820	0		-51.45	-742.91	0		11.45	-77.09	0
4.1	-0.2	0		0	0	220		0.62	-6.12	-0.19		-44	-902	0		-36.71	-883.33	0		-7.29	-18.67	0
4.1	-0.2	0		0	0	240		0.62	-6	-0.12		-48	-984	0		-35.82	-862.72	0		-12.18	-121.28	0
4.1	-0.2	0		0	0	260		0.94	-8	-0.5		-52	-1066	0		-72.5	-1160.61	0		20.5	94.61	0
4.1	-0.2	0		0	0	280		0.94	-7.75	-0.31		-56	-1148	0		-68.73	-1116.97	0		12.73	-31.03	0
4.1	-0.2	0		0	0	300		0.94	-6.94	-0.25		-60	-1230	0		-73.9	-996.29	0		13.9	-233.71	0
4.1	-0.2	0		0	0	320		1	-9.69	0.12		-64	-1312	0		-46.18	-1380.52	0		-17.82	68.52	0
4.1	-0.2	0		0	0	340		1.25	-9.06	-0.38		-68	-1394	0		-101.51	-1302.71	0		33.51	-91.29	0
4.1	-0.2	0		0	0	360		1.06	-9.31	-0.31		-72	-1476	0		-71.9	-1341.31	0		-0.1	-134.69	0
4.1	-0.2	0		0	0	380		1.31	-11.5	-0.44		-76	-1558	0		-90.49	-1658.37	0		14.49	100.37	0
4.1	-0.2	0		0	0	400		1.19	-11.12	-1.19		-80	-1640	0		-100.75	-1635.88	0		20.75	-4.12	0
4.1	-0.2	0		0	0	420		1.31	-11.31	-0.44		-84	-1722	0		-92.14	-1631.08	0		8.14	-90.92	0
4.1	-0.2	0		0	0	440		1.44	-12.69	-0.62		-88	-1804	0		-102.94	-1835.38	0		14.94	31.38	0
4.1	-0.2	0		0	0	460		1.56	-13.69	-0.56		-92	-1886	0		-109.08	-1975.43	0		17.08	89.43	0
4.1	-0.2	0		0	0	480		1.38	-13.25	-0.5		-96	-1968	0		-85.53	-1913.97	0		-10.47	-54.03	0
3.5	0.4	0		0	0	20		0	-1.19	0		8	-70	0		10.47	-172.85	0		-2.47	102.85	0
3.5	0.4	0		0	0	40		-0.06	-1.06	0		16	-140	0		17.84	-156.2	0		-1.84	16.2	0
3.5	0.4	0		0	0	60		-0.12	-1.12	-0.06		24	-210	0		24.87	-169.25	0		-0.87	-40.75	0
3.5	0.4	0		0	0	80		-0.06	-2.5	-0.06		32	-280	0		28.52	-367.85	0		3.48	87.85	0
3.5	0.4	0		0	0	100		-0.12	-2.25	-0.12		40	-350	0		32.8	-335.42	0		7.2	-14.58	0
3.5	0.4	0		0	0	120		-0.06	-1.81	-0.06		48	-420	0		22.46	-267.78	0		25.54	-152.22	0
3.5	0.4	0		0	0	140		-0.12	-3.06	-0.06		56	-490	0		41.95	-451.27	0		14.05	-38.73	0
3.5	0.4	0		0	0	160		-0.19	-3.62	-0.12		64	-560	0		53.39	-537.1	0		10.61	-22.9	0
3.5	0.4	0		0	0	180		-0.25	-3.44	-0.12		72	-630	0		60.21	-511.35	0		11.79	-118.65	0
3.5	0.4	0		0	0	200		-0.19	-5.25	-0.19		80	-700	0		65.73	-776.04	0		14.27	76.04	0
3.5	0.4	0		0	0	220		-0.19	-4.62	-0.19		88	-770	0		60.22	-685.07	0		27.78	-84.93	0
3.5	0.4	0		0	0	240		-0.25	-4.75	-0.19		96	-840	0		69.79	-704.81	0		26.21	-135.19	0
3.5	0.4	0		0	0	260		-0.31	-5.56	-0.19		104	-910	0		85.43	-824.62	0		18.57	-85.38	0
3.5	0.4	0		0	0	280		-0.5	-6.31	-0.31		112	-980	0		113.48	-943.25	0		-1.48	-36.75	0
3.5	0.4	0		0	0	300		-0.31	-6.81	-0.25		120	-1050	0		94.46	-1008.98	0		25.54	-41.02	0
3.5	0.4	0		0	0	320		-0.19	-6.12	-0.19		128	-1120	0		73.44	-903.41	0		54.56	-216.59	0
3.5	0.4	0		0	0	340		-0.38	-7.69	-0.25		136	-1190	0		110.65	-1137.88	0		25.35	-52.12	0
3.5	0.4	0		0	0	360		-0.44	-8.31	-0.31		144	-1260	0		122.64	-1232.82	0		21.36	-27.18	0
3.5	0.4	0		0	0	380		-0.44	-8.5	-0.38		152	-1330	0		122.3	-1262.52	0		29.7	-67.48	0
3.5	0.4	0		0	0	400		-0.56	-9.19	-0.38		160	-1400	0		145.31	-1365.68	0		14.69	-34.32	0
3.5	0.4	0		0	0	420		-0.69	-9.38	-0.31		168	-1470	0		165.9	-1393.64	0		2.1	-76.36	0
3.5	0.4	0		0	0	440		-0.69	-10.81	-0.38		176	-1540	0		176.58	-1605.3	0		-0.58	65.3	0
3.5	0.4	0		0	0	460		-0.81	-11.12	-0.5		184	-1610	0		192.3	-1658.7	0		-8.3	48.7	0
3.5	0.4	0		0	0	480		-0.69	-11.19	-0.69		192	-1680	0		169.93	-1671.96	0		22.07	-8.04	0
3.5	0.4	0		0	0	500		-1	-12.75	-0.5		200	-1750	0		232.04	-1899.86	0		-32.04	149.86	0
3.5	0.4	0		0	0	520		-0.62	-11.69	-0.56		208	-1820	0		169.85	-1738.36	0		38.15	-81.64	0
3.5	0.4	0		0	0	540		-0.75	-12.81	-0.5		216	-1890	0		198.7	-1902.78	0		17.3	12.78	0
3.5	0.4	0		0	0	560		-1.19	-15.31	-0.69		224	-1960	0		274.08	-2284.73	0		-50.08	324.73	0
3.5	0.4	0		0	0	580		-0.88	-14	-0.62		232	-2030	0		222.13	-2083.55	0		9.87	53.55	0
3.5	0.4	0		0	0	600		-0.88	-13.88	-0.5		240	-2100	0		225.02	-2060.52	0		14.98	-39.48	0
3.5	0.1	0		0	0	20		0.06	-1.25	-0.06		2	-70	0		0.56	-182.82	0		1.44	112.82	0
3.5	0.1	0		0	0	40		0.06	-1.06	0.12		4	-140	0		4.88	-148.27	0		-0.88	8.27	0
3.5	0.1	0		0	0	60		0.06	-1.12	0		6	-210	0		1.45	-162.2	0		4.55	-47.8	0
3.5	0.1	0		0	0	80		0.06	-2.38	-0.06		8	-280	0		10.47	-346.57	0		-2.47	66.57	0
3.5	0.1	0		0	0	100		0.06	-2.19	-0.06		10	-350	0		8.82	-319.27	0		1.18	-30.73	0
3.5	0.1	0		0	0	120		0.12	-2.19	-0.12		12	-420	0		-1.64	-320.15	0		13.64	-99.85	0
3.5	0.1	0		0	0	140		0.12	-3.25	-0.12		14	-490	0		7.72	-474.8	0		6.28	-15.2	0
3.5	0.1	0		0	0	160		0.12	-3.56	-0.06		16	-560	0		12.47	-517.87	0		3.53	-42.13	0
3.5	0.1	0		0	0	180		0.12	-3.44	-0.12		18	-630	0		9.38	-502.09	0		8.62	-127.91	0
3.5	0.1	0		0	0	200		0.25	-4.88	-0.19		20	-700	0		3.11	-710.65	0		16.89	10.65	0
3.5	0.1	0		0	0	220		0.19	-4.88	-0.12		22	-770	0		13.58	-709.78	0		8.42	-60.22	0
3.5	0.1	0		0	0	240		0.19	-4.94	-0.12		24	-840	0		14.13	-718.88	0		9.87	-121.12	0
3.5	0.1	0		0	0	260		0.19	-5.88	-0.19		26	-910	0		20.4	-857.75	0		5.6	-52.25	0
3.5	0.1	0		0	0	280		0.12	-5.56	-0.19		28	-980	0		26.12	-813.81	0		1.88	-166.19	0
3.5	0.1	0		0	0	300		0.25	-6	-0.25		30	-1050	0		11.04	-876.82	0		18.96	-173.18	0
3.5	0.1	0		0	0	320		0.25	-7.88	-0.56		32	-1120	0		17.61	-1161.82	0		14.39	41.82	0
3.5	0.1	0		0	0	340		0.31	-7.81	-0.31		34	-1190	0		16.55	-1141.51	0		17.45	-48.49	0
3.5	0.1	0		0	0	360		0.25	-6.94	-0.25		36	-1260	0		19.3	-1013.28	0		16.7	-246.72	0
3.5	0.1	0		0	0	380		0.19	-9	-0.69		38	-1330	0		32.02	-1331.95	0		5.98	1.95	0
3.5	0.1	0		0	0	400		0.25	-9.31	-0.56		40	-1400	0		30.28	-1371.05	0		9.72	-28.95	0
3.5	0.1	0		0	0	420		0.19	-8.94	-0.31		42	-1470	0		43.42	-1308.35	0		-1.42	-161.65	0
3.5	0.1	0		0	0	440		0.25	-10.25	-0.31		44	-1540	0		46.52	-1497.84	0		-2.52	-42.16	0
3.5	0.1	0		0	0	460		0.38	-11.25	-0.44		46	-1610	0		34.4	-1645.14	0		11.6	35.14	0
3.5	0.1	0		0	0	480		0.38	-10.31	-0.38		48	-1680	0		28.13	-1506.27	0		19.87	-173.73	0
3.5	0.1	0		0	0	500		0.5	-11.62	-0.5		50	-1750	0		18.77	-1699.06	0		31.23	-50.94	0
3.5	0.1	0		0	0	520		0.38	-12.75	-0.19		52	-1820	0		55.59	-1853.81	0		-3.59	33.81	0
3.5	0.1	0		0	0	540		0.38	-12.44	-0.38		54	-1890	0		46.86	-1815.57	0		7.14	-74.43	0
3.5	0.1	0		0	0	560		0.44	-13.81	-0.56		56	-1960	0		44.54	-2021.42	0		11.46	61.42	0
3.5	0.1	0		0	0	580		0.44	-14.19	-0.56		58	-2030	0		47.84	-2076	0		10.16	46	0
3.5	0.1	0		0	0	600		0.5	-14.25	-0.56		60	-2100	0		39.92	-2083.55	0		20.08	-16.45	0
3.5	0.1	0		0	0	620		0.31	-15.56	-0.56		62	-2170	0		76.91	-2279.23	0		-14.91	109.23	0
3.5	0.1	0		0	0	640		0.5	-15.12	-0.88		64	-2240	0		37.68	-2223	0		26.32	-17	0
3.5	0.1	0		0	0	660		0.5	-15.69	-0.69		66	-2310	0		48.61	-2297.62	0		17.39	-12.38	0
3.5	-0.2	0		0	0	20		0.12	-1.12	0		-4	-70	0		-7.03	-160.66	0		3.03	90.66	0
3.5	-0.2	0		0	0	40		0.12	-1.19	0		-8	-140	0		-6.48	-169.76	0		-1.52	29.76	0
3.5	-0.2	0		0	0	60		0.19	-1.06	0		-12	-210	0		-16.05	-150.02	0		4.05	-59.98	0
3.5	-0.2	0		0	0	80		0.31	-2.38	-0.06		-16	-280	0		-23.42	-340.39	0		7.42	60.39	0
3.5	-0.2	0		0	0	100		0.31	-2.44	-0.06		-20	-350	0		-22.87	-349.49	0		2.87	-0.51	0
3.5	-0.2	0		0	0	120		0.19	-1.81	-0.06		-24	-420	0		-11.43	-261.6	0		-12.57	-158.4	0
3.5	-0.2	0		0	0	140		0.5	-3.62	-0.06		-28	-490	0		-37.82	-517.7	0		9.82	27.7	0
3.5	-0.2	0		0	0	160		0.44	-3.44	-0.12		-32	-560	0		-32.99	-494.37	0		0.99	-65.63	0
3.5	-0.2	0		0	0	180		0.38	-3.31	-0.12		-36	-630	0		-25.62	-477.72	0		-10.38	-152.28	0
3.5	-0.2	0		0	0	200		0.56	-4.69	-0.12		-40	-700	0		-38.91	-673.23	0		-1.09	-26.77	0
3.5	-0.2	0		0	0	220		0.62	-4.69	-0.19		-44	-770	0		-49.38	-674.1	0		5.38	-95.9	0
3.5	-0.2	0		0	0	240		0.56	-4.62	-0.19		-48	-840	0		-41.46	-666.55	0		-6.54	-173.45	0
3.5	-0.2	0		0	0	260		0.75	-6.12	-0.25		-52	-910	0		-55.64	-882.66	0		3.64	-27.34	0
3.5	-0.2	0		0	0	280		0.88	-6.19	-0.25		-56	-980	0		-72.04	-888.67	0		16.04	-91.33	0
3.5	-0.2	0		0	0	300		0.81	-6.56	-1		-60	-1050	0		-84.16	-973.8	0		24.16	-76.2	0
3.5	-0.2	0		0	0	320		0.88	-7.44	-0.25		-64	-1120	0		-61.02	-1070.61	0		-2.98	-49.39	0
3.5	-0.2	0		0	0	340		0.94	-7.44	-0.25		-68	-1190	0		-69.49	-1069.07	0		1.49	-120.93	0
3.5	-0.2	0		0	0	360		0.94	-7.25	-0.25		-72	-1260	0		-71.15	-1041.78	0		-0.85	-218.22	0
3.5	-0.2	0		0	0	380		1.12	-9.12	-0.31		-76	-1330	0		-82.03	-1312.48	0		6.03	-17.52	0
3.5	-0.2	0		0	0	400		1.19	-9.31	0.06		-80	-1400	0		-76.89	-1323.72	0		-3.11	-76.28	0
3.5	-0.2	0		0	0	420		1.12	-9.19	-0.31		-84	-1470	0		-81.47	-1321.58	0		-2.53	-148.42	0
3.5	-0.2	0		0	0	440		1.44	-10.81	-0.38		-88	-1540	0		-111.51	-1552.8	0		23.51	12.8	0
3.5	-0.2	0		0	0	460		1.25	-10.62	-0.44		-92	-1610	0		-89.73	-1532.56	0		-2.27	-77.44	0
3.5	-0.2	0		0	0	480		1.38	-10.81	-0.81		-96	-1680	0		-116.98	-1571.26	0		20.98	-108.74	0
3.5	-0.2	0		0	0	500		1.5	-12.44	-0.44		-100	-1750	0		-107.64	-1790.2	0		7.64	40.2	0
3.5	-0.2	0		0	0	520		1.5	-12.38	-0.44		-104	-1820	0		-108.19	-1781.1	0		4.19	-38.9	0
3.5	-0.2	0		0	0	540		1.62	-12.5	-0.5		-108	-1890	0		-126.03	-1798.62	0		18.03	-91.38	0
3.5	-0.2	0		0	0	560		1.56	-14.38	-0.44		-112	-1960	0		-99.03	-2070.67	0		-12.97	110.67	0
3.5	-0.2	0		0	0	580		2.06	-14.94	-0.56		-116	-2030	0		-165.84	-2145.02	0		49.84	115.02	0
3.5	-0.2	0		0	0	600		1.69	-13.62	-0.5		-120	-2100	0		-124.59	-1960.83	0		4.59	-139.17	0
3.5	-0.2	0		0	0	620		2.06	-15.5	-0.56		-124	-2170	0		-160.88	-2226.9	0		36.88	56.9	0
3.5	-0.2	0		0	0	640		2	-15.44	-1.25		-128	-2240	0		-174.87	-2245.93	0		46.87	5.93	0
3.5	-0.2	0		0	0	660		1.94	-15.44	-1		-132	-2310	0		-158.43	-2237.81	0		26.43	-72.19	0
3.1	0.4	0		0	0	20		0	-0.81	0		8	-62	0		7.16	-118.26	0		0.84	56.26	0
3.1	0.4	0		0	0	40		-0.06	-0.81	0		16	-124	0		15.64	-119.81	0		0.36	-4.19	0
3.1	0.4	0		0	0	60		0	-0.94	0		24	-186	0		8.27	-136.46	0		15.73	-49.54	0
3.1	0.4	0		0	0	80		-0.19	-2	-0.06		32	-248	0		41.06	-298.16	0		-9.06	50.16	0
3.1	0.4	0		0	0	100		-0.12	-1.88	-0.06		40	-310	0		31.48	-278.42	0		8.52	-31.58	0
3.1	0.4	0		0	0	120		-0.12	-1.81	-0.06		48	-372	0		30.93	-269.32	0		17.07	-102.68	0
3.1	0.4	0		0	0	140		-0.19	-2.94	-0.12		56	-434	0		47.33	-437.03	0		8.67	3.03	0
3.1	0.4	0		0	0	160		-0.25	-2.75	-0.12		64	-496	0		54.15	-411.29	0		9.85	-84.71	0
3.1	0.4	0		0	0	180		-0.25	-3	-0.12		72	-558	0		56.36	-447.67	0		15.64	-110.33	0
3.1	0.4	0		0	0	200		-0.31	-3.75	-0.06		80	-620	0		73.43	-555.97	0		6.57	-64.03	0
3.1	0.4	0		0	0	220		-0.25	-3.88	-0.19		88	-682	0		62.08	-577.45	0		25.92	-104.55	0
3.1	0.4	0		0	0	240		-0.19	-3.81	-0.19		96	-744	0		53.06	-566.81	0		42.94	-177.19	0
3.1	0.4	0		0	0	260		-0.31	-5.12	-0.19		104	-806	0		81.57	-760.94	0		22.43	-45.06	0
3.1	0.4	0		0	0	280		-0.25	-5	-0.12		112	-868	0		73.99	-738.78	0		38.01	-129.22	0
3.1	0.4	0		0	0	300		-0.25	-5	-0.19		120	-930	0		72	-741.2	0		48	-188.8	0
3.1	0.4	0		0	0	320		-0.38	-5.88	-0.19		128	-992	0		96.66	-871.65	0		31.34	-120.35	0
3.1	0.4	0		0	0	340		-0.44	-6.19	-0.25		136	-1054	0		105.9	-921.1	0		30.1	-132.9	0
3.1	0.4	0		0	0	360		-0.19	-6.5	-0.25		144	-1116	0		74.76	-960.41	0		69.24	-155.59	0
3.1	0.4	0		0	0	380		-0.44	-7.31	-0.31		152	-1178	0		113.82	-1087.26	0		38.18	-90.74	0
3.1	0.4	0		0	0	400		-0.31	-7.5	-0.31		160	-1240	0		98.53	-1111.46	0		61.47	-128.54	0
3.1	0.4	0		0	0	420		-0.56	-8.06	-0.31		168	-1302	0		137.38	-1199.52	0		30.62	-102.48	0
3.1	0.4	0		0	0	440		-0.69	-8.88	-0.38		176	-1364	0		159.5	-1323.28	0		16.5	-40.72	0
3.1	0.4	0		0	0	460		-0.44	-8.88	-0.38		184	-1426	0		125.61	-1317.11	0		58.39	-108.89	0
3.1	0.4	0		0	0	480		-0.5	-8	-0.31		192	-1488	0		128.36	-1188.87	0		63.64	-299.13	0
3.1	0.4	0		0	0	500		-0.69	-10.06	-0.31		200	-1550	0		171.96	-1493.71	0		28.04	-56.29	0
3.1	0.4	0		0	0	520		-0.81	-10.44	-0.38		208	-1612	0		190.22	-1553.8	0		17.78	-58.2	0
3.1	0.4	0		0	0	540		-0.44	-10	-0.5		216	-1674	0		131.54	-1485.69	0		84.46	-188.31	0
3.1	0.4	0		0	0	560		-0.69	-11	-0.38		224	-1736	0		178.23	-1632.59	0		45.77	-103.41	0
3.1	0.4	0		0	0	580		-0.69	-11.62	-0.38		232	-1798	0		183.74	-1723.56	0		48.26	-74.44	0
3.1	0.4	0		0	0	600		-0.69	-11.44	-0.44		240	-1860	0		180.1	-1698.68	0		59.9	-161.32	0
3.1	0.4	0		0	0	620		-0.94	-13.44	-0.5		248	-1922	0		229.63	-1998.39	0		18.37	76.39	0
3.1	0.4	0		0	0	640		-0.81	-12.88	-0.44		256	-1984	0		209.72	-1911.01	0		46.28	-72.99	0
3.1	0.4	0		0	0	660		-0.75	-13.19	-0.56		264	-2046	0		200.02	-1959.78	0		63.98	-86.22	0
3.1	0.4	0		0	0	680		-1	-13.44	-1.31		272	-2108	0		212.21	-2031.35	0		59.79	-76.65	0
3.1	0.4	0		0	0	700		-0.75	-13.94	-0.5		280	-2170	0		208.62	-2066.53	0		71.38	-103.47	0
3.1	0.4	0		0	0	720		-0.94	-14.94	-0.5		288	-2232	0		242.86	-2216.72	0		45.14	-15.28	0
3.1	0.4	0		0	0	740		-1	-16	-0.62		296	-2294	0		256.71	-2377.75	0		39.29	83.75	0
3.1	0.4	0		0	0	760		-0.94	-15.94	-0.62		304	-2356	0		247.69	-2367.11	0		56.31	11.11	0
3.1	0.4	0		0	0	780		-1.06	-16.25	-0.75		312	-2418	0		263.41	-2420.51	0		48.59	2.51	0
3.1	0.1	0		0	0	20		0	-0.75	0		2	-62	0		6.61	-109.17	0		-4.61	47.17	0
3.1	0.1	0		0	0	40		0	-0.94	-0.06		4	-124	0		6.27	-138.87	0		-2.27	14.87	0
3.1	0.1	0		0	0	60		0	-0.62	-0.06		6	-186	0		3.52	-93.39	0		2.48	-92.61	0
3.1	0.1	0		0	0	80		0.06	-1.81	-0.06		8	-248	0		5.51	-264.69	0		2.49	16.69	0
3.1	0.1	0		0	0	100		0.06	-2.06	-0.06		10	-310	0		7.72	-301.08	0		2.28	-8.92	0
3.1	0.1	0		0	0	120		0	-1.69	0		12	-372	0		14.88	-245.62	0		-2.88	-126.38	0
3.1	0.1	0		0	0	140		0.06	-2.75	-0.06		14	-434	0		13.78	-401.15	0		0.22	-32.85	0
3.1	0.1	0		0	0	160		0	-3	0		16	-496	0		26.45	-436.66	0		-10.45	-59.34	0
3.1	0.1	0		0	0	180		0	-2.75	-0.06		18	-558	0		22.25	-402.69	0		-4.25	-155.31	0
3.1	0.1	0		0	0	200		0	-3.38	-0.12		20	-620	0		25.77	-496.08	0		-5.77	-123.92	0
3.1	0.1	0		0	0	220		0.06	-3.88	-0.12		22	-682	0		21.71	-567.31	0		0.29	-114.69	0
3.1	0.1	0		0	0	240		0.06	-3.81	-0.12		24	-744	0		21.16	-558.22	0		2.84	-185.78	0
3.1	0.1	0		0	0	260		0.12	-4.75	-0.19		26	-806	0		18.96	-695.55	0		7.04	-110.45	0
3.1	0.1	0		0	0	280		0.12	-4.94	-0.19		28	-868	0		20.61	-722.84	0		7.39	-145.16	0
3.1	0.1	0		0	0	300		0	-4.62	-1.12		30	-930	0		4.92	-716.7	0		25.08	-213.3	0
3.1	0.1	0		0	0	320		0.19	-5	-0.19		32	-992	0		12.69	-730.39	0		19.31	-261.61	0
3.1	0.1	0		0	0	340		0.19	-6.25	-0.12		34	-1054	0		25.7	-909.92	0		8.3	-144.08	0
3.1	0.1	0		0	0	360		0.12	-6	-0.25		36	-1116	0		27.98	-879.91	0		8.02	-236.09	0
3.1	0.1	0		0	0	380		0.25	-7.56	-0.31		38	-1178	0		22.82	-1106.67	0		15.18	-71.33	0
3.1	0.1	0		0	0	400		0.12	-7.5	-0.25		40	-1240	0		41.21	-1098.24	0		-1.21	-141.76	0
3.1	0.1	0		0	0	420		0.19	-7.56	-0.31		42	-1302	0		31.3	-1108.21	0		10.7	-193.79	0
3.1	0.1	0		0	0	440		0.25	-8.56	-0.31		44	-1364	0		31.64	-1252.22	0		12.36	-111.78	0
3.1	0.1	0		0	0	460		0.31	-8.69	-0.31		46	-1426	0		24.27	-1268.87	0		21.73	-157.13	0
3.1	0.1	0		0	0	480		0.25	-8.75	-0.81		48	-1488	0		17.36	-1298.85	0		30.64	-189.15	0
3.1	0.1	0		0	0	500		0.31	-10.38	-0.38		50	-1550	0		37.15	-1516.91	0		12.85	-33.09	0
3.1	0.1	0		0	0	520		0.25	-9.94	-0.38		52	-1612	0		41.77	-1454.78	0		10.23	-157.22	0
3.1	0.1	0		0	0	540		0.31	-9.88	-0.38		54	-1674	0		32.74	-1444.13	0		21.26	-229.87	0
3.1	0.1	0		0	0	560		0.31	-11.19	-0.38		56	-1736	0		44.32	-1635.17	0		11.68	-100.83	0
3.1	0.1	0		0	0	580		0.44	-11.25	-0.44		58	-1798	0		25.93	-1643.6	0		32.07	-154.4	0
3.1	0.1	0		0	0	600		0.44	-11.75	-0.5		60	-1860	0		28.35	-1718.79	0		31.65	-141.21	0
3.1	0.1	0		0	0	620		0.38	-12.88	-0.56		62	-1922	0		44.75	-1886.5	0		17.25	-35.5	0
3.1	0.1	0		0	0	640		0.44	-12.25	-0.44		64	-1984	0		34.75	-1789.16	0		29.25	-194.84	0
3.1	0.1	0		0	0	660		0.38	-13.38	-0.62		66	-2046	0		47.16	-1961.7	0		18.84	-84.3	0
3.1	0.1	0		0	0	680		0.38	-12.81	-0.88		68	-2108	0		34.23	-1889.49	0		33.77	-218.51	0
3.1	0.1	0		0	0	700		0.56	-15.25	-0.38		70	-2170	0		46.24	-2220.31	0		23.76	50.31	0
3.1	0.1	0		0	0	720		0.5	-15	-0.44		72	-2232	0		50.52	-2187.89	0		21.48	-44.11	0
3.1	0.1	0		0	0	740		0.44	-16	-0.56		74	-2294	0		63.82	-2339.82	0		10.18	45.82	0
3.1	0.1	0		0	0	760		0.62	-16	-1.38		76	-2356	0		12.51	-2366.61	0		63.49	10.61	0
3.1	0.1	0		0	0	780		0.62	-16.56	-1		78	-2418	0		29.42	-2433.98	0		48.58	15.98	0
3.1	0.1	0		0	0	800		0.62	-17.19	-1.12		80	-2480	0		30.95	-2529.79	0		49.05	49.79	0
3.1	0.1	0		0	0	820		0.69	-16.62	-1.75		82	-2542	0		-2.41	-2470.54	0		84.41	-71.46	0
3.1	0.1	0		0	0	840		0.62	-17	-1.31		84	-2604	0		23.32	-2509.75	0		60.68	-94.25	0
3.1	-0.2	0		0	0	20		0.12	-0.88	0		-4	-62	0		-9.23	-124.27	0		5.23	62.27	0
3.1	-0.2	0		0	0	40		0.19	-0.94	0		-8	-124	0		-17.15	-131.83	0		9.15	7.83	0
3.1	-0.2	0		0	0	60		0.12	-0.81	0		-12	-186	0		-9.78	-115.18	0		-2.22	-70.82	0
3.1	-0.2	0		0	0	80		0.31	-1.81	-0.06		-16	-248	0		-28.38	-258.51	0		12.38	10.51	0
3.1	-0.2	0		0	0	100		0.25	-1.81	-0.06		-20	-310	0		-19.9	-260.06	0		-0.1	-49.94	0
3.1	-0.2	0		0	0	120		0.19	-1.81	0		-24	-372	0		-9.44	-259.19	0		-14.56	-112.81	0
3.1	-0.2	0		0	0	140		0.44	-3.06	-0.12		-28	-434	0		-36.3	-439.79	0		8.3	5.79	0
3.1	-0.2	0		0	0	160		0.38	-2.75	-0.06		-32	-496	0		-28.59	-393.43	0		-3.41	-102.57	0
3.1	-0.2	0		0	0	180		0.5	-2.94	-0.06		-36	-558	0		-43.88	-417.63	0		7.88	-140.37	0
3.1	-0.2	0		0	0	200		0.38	-3.38	-0.12		-40	-620	0		-25.07	-486.82	0		-14.93	-133.18	0
3.1	-0.2	0		0	0	220		0.56	-3.75	-0.06		-44	-682	0		-45.19	-534.35	0		1.19	-147.65	0
3.1	-0.2	0		0	0	240		0.5	-3.94	-0.19		-48	-744	0		-39.05	-568.02	0		-8.95	-175.98	0
3.1	-0.2	0		0	0	260		0.94	-5.25	-0.12		-52	-806	0		-84.79	-745.84	0		32.79	-60.16	0
3.1	-0.2	0		0	0	280		0.75	-4.81	-0.38		-56	-868	0		-71.2	-696.46	0		15.2	-171.54	0
3.1	-0.2	0		0	0	300		0.69	-5.19	-0.12		-60	-930	0		-51.45	-742.91	0		-8.55	-187.09	0
3.1	-0.2	0		0	0	320		0.94	-6.38	-0.19		-64	-992	0		-76.87	-912	0		12.87	-80	0
3.1	-0.2	0		0	0	340		0.88	-6.12	-0.19		-68	-1054	0		-70.6	-877.16	0		2.6	-176.84	0
3.1	-0.2	0		0	0	360		0.94	-6.12	-0.25		-72	-1116	0		-81.06	-878.03	0		9.06	-237.97	0
3.1	-0.2	0		0	0	380		1.12	-7.06	-0.25		-76	-1178	0		-98.22	-1009.86	0		22.22	-168.14	0
3.1	-0.2	0		0	0	400		1.06	-7	-0.25		-80	-1240	0		-90.3	-1002.3	0		10.3	-237.7	0
3.1	-0.2	0		0	0	420		1.25	-7.69	-0.25		-84	-1302	0		-109.65	-1097.74	0		25.65	-204.26	0
3.1	-0.2	0		0	0	440		1.38	-8.75	-0.38		-88	-1364	0		-121.22	-1254.14	0		33.22	-109.86	0
3.1	-0.2	0		0	0	460		1.19	-8.38	-0.31		-92	-1426	0		-97.11	-1201.77	0		5.11	-224.23	0
3.1	-0.2	0		0	0	480		1.38	-9.06	-0.38		-96	-1488	0		-118.46	-1299.62	0		22.46	-188.38	0
3.1	-0.2	0		0	0	500		1.75	-10.31	-1.19		-100	-1550	0		-184.17	-1503.72	0		84.17	-46.28	0
3.1	-0.2	0		0	0	520		1.44	-9.44	-0.38		-104	-1612	0		-123.63	-1352.66	0		19.63	-259.34	0
3.1	-0.2	0		0	0	540		1.56	-10.06	-0.25		-108	-1674	0		-131.08	-1435.71	0		23.08	-238.29	0
3.1	-0.2	0		0	0	560		1.94	-11.81	-0.31		-112	-1736	0		-168.48	-1683.59	0		56.48	-52.41	0
3.1	-0.2	0		0	0	580		1.75	-11.25	-0.38		-116	-1798	0		-150.01	-1608.76	0		34.01	-189.24	0
3.1	-0.2	0		0	0	600		1.94	-11.56	-0.38		-120	-1860	0		-172.68	-1649.61	0		52.68	-210.39	0
3.1	-0.2	0		0	0	620		0.12	-12.81	-1.56		-124	-1922	0		46.22	-1922.26	0		-170.22	0.26	0
3.1	-0.2	0		0	0	640		0.25	-13	-0.94		-128	-1984	0		50.84	-1922.29	0		-178.84	-61.71	0
3.1	-0.2	0		0	0	660		0.19	-12.88	-1.12		-132	-2046	0		52.24	-1912.89	0		-184.24	-133.11	0
3.1	-0.2	0		0	0	680		0.56	-14.75	-0.56		-136	-2108	0		35.86	-2154.79	0		-171.86	46.79	0
3.1	-0.2	0		0	0	700		0.62	-14.56	-1.06		-140	-2170	0		9.8	-2145.29	0		-149.8	-24.71	0
3.1	-0.2	0		0	0	720		0.38	-14.5	-1.88		-144	-2232	0		17.24	-2173.79	0		-161.24	-58.21	0
3.1	-0.2	0		0	0	740		0.81	-16.38	-1		-148	-2294	0		2.35	-2402.06	0		-150.35	108.06	0
3.1	-0.2	0		0	0	760		0.94	-16.75	-0.25		-152	-2356	0		12.61	-2424.55	0		-164.61	68.55	0
3.1	-0.2	0		0	0	780		0.88	-16.44	-0.94		-156	-2418	0		-3.58	-2407.19	0		-152.42	-10.81	0
2.6	0.4	0		0	0	20		-0.12	-0.62	0		8	-52	0		22.46	-94.06	0		-14.46	42.06	0
2.6	0.4	0		0	0	40		-0.06	-0.62	-0.06		16	-104	0		11.99	-94.93	0		4.01	-9.07	0
2.6	0.4	0		0	0	60		-0.12	-0.75	0		24	-156	0		23.56	-112.25	0		0.44	-43.75	0
2.6	0.4	0		0	0	80		-0.19	-1.44	-0.19		32	-208	0		32.12	-221.12	0		-0.12	13.12	0
2.6	0.4	0		0	0	100		-0.19	-1.44	-0.06		40	-260	0		36.1	-216.28	0		3.9	-43.72	0
2.6	0.4	0		0	0	120		-0.19	-1.38	-0.06		48	-312	0		35.55	-207.19	0		12.45	-104.81	0
2.6	0.4	0		0	0	140		-0.38	-2.12	-0.12		56	-364	0		65.59	-323.4	0		-9.59	-40.6	0
2.6	0.4	0		0	0	160		-0.38	-2.12	-0.12		64	-416	0		65.59	-323.4	0		-1.59	-92.6	0
2.6	0.4	0		0	0	180		-0.25	-2.12	-0.12		72	-468	0		48.64	-320.31	0		23.36	-147.69	0
2.6	0.4	0		0	0	200		-0.38	-2.88	0.06		80	-520	0		78.18	-425.32	0		1.82	-94.68	0
2.6	0.4	0		0	0	220		-0.31	-3	-0.38		88	-572	0		56.86	-458.89	0		31.14	-113.11	0
2.6	0.4	0		0	0	240		-0.31	-2.81	-0.19		96	-624	0		61.19	-424.34	0		34.81	-199.66	0
2.6	0.4	0		0	0	260		-0.44	-3.69	-0.19		104	-676	0		85.85	-554.79	0		18.15	-121.21	0
2.6	0.4	0		0	0	280		-0.38	-3.5	-0.12		112	-728	0		77.71	-523.54	0		34.29	-204.46	0
2.6	0.4	0		0	0	300		-0.5	-3.75	-0.12		120	-780	0		96.86	-563.02	0		23.14	-216.98	0
2.6	0.4	0		0	0	320		-0.38	-4.44	-0.25		128	-832	0		81.99	-664.83	0		46.01	-167.17	0
2.6	0.4	0		0	0	340		-0.5	-4.88	-0.19		136	-884	0		104.79	-729.18	0		31.21	-154.82	0
2.6	0.4	0		0	0	360		-0.56	-4.88	-0.5		144	-936	0		103.3	-742.81	0		40.7	-193.19	0
2.6	0.4	0		0	0	380		-0.5	-5.19	-0.62		152	-988	0		93.6	-791.59	0		58.4	-196.41	0
2.6	0.4	0		0	0	400		-0.69	-5.56	-0.12		160	-1040	0		138.26	-831.47	0		21.74	-208.53	0
2.6	0.4	0		0	0	420		-0.69	-5.5	-0.25		168	-1092	0		133.73	-827.2	0		34.27	-264.8	0
2.6	0.4	0		0	0	440		-0.62	-6.06	-0.31		176	-1144	0		128.22	-909.95	0		47.78	-234.05	0
2.6	0.4	0		0	0	460		-0.81	-6.56	-0.31		184	-1196	0		158.05	-987.36	0		25.95	-208.64	0
2.6	0.4	0		0	0	480		-0.88	-6.5	-0.31		192	-1248	0		165.97	-979.81	0		26.03	-268.19	0
2.6	0.4	0		0	0	500		-1.06	-7.5	-0.25		200	-1300	0		202.2	-1127.58	0		-2.2	-172.42	0
2.6	0.4	0		0	0	520		-0.88	-7.5	-0.5		208	-1352	0		168.81	-1132.61	0		39.19	-219.39	0
2.6	0.4	0		0	0	540		-0.69	-7.62	-0.38		216	-1404	0		148.48	-1141.34	0		67.52	-262.66	0
2.6	0.4	0		0	0	560		-1	-7.94	-0.62		224	-1456	0		185.63	-1204.21	0		38.37	-251.79	0
2.6	0.4	0		0	0	580		-1.06	-8.69	-0.06		232	-1508	0		218.64	-1293.17	0		13.36	-214.83	0
2.6	0.4	0		0	0	600		-1	-8.62	-0.31		240	-1560	0		201.65	-1292.2	0		38.35	-267.8	0
2.6	0.4	0		0	0	620		-1.25	-9.5	-0.44		248	-1612	0		239.27	-1430.57	0		8.73	-181.43	0
2.6	0.4	0		0	0	640		-1.12	-9.62	-0.44		256	-1664	0		223.43	-1445.67	0		32.57	-218.33	0
2.6	0.4	0		0	0	660		-1.06	-9.62	-0.12		264	-1716	0		224.92	-1432.05	0		39.08	-283.95	0
2.6	0.4	0		0	0	680		-1.25	-10.56	-0.12		272	-1768	0		258.6	-1573.13	0		13.4	-194.87	0
2.6	0.4	0		0	0	700		-1.38	-10.44	-1		280	-1820	0		246.56	-1591.87	0		33.44	-228.13	0
2.6	0.4	0		0	0	720		-1.19	-10.44	-0.44		288	-1872	0		239.07	-1565.48	0		48.93	-306.52	0
2.6	0.4	0		0	0	740		-1.38	-11.44	-0.5		296	-1924	0		271.31	-1718.08	0		24.69	-205.92	0
2.6	0.4	0		0	0	760		-1.38	-11.81	-0.5		304	-1976	0		274.62	-1772.67	0		29.38	-203.33	0
2.6	0.4	0		0	0	780		-1.38	-12.06	-1.12		312	-2028	0		256.9	-1833.23	0		55.1	-194.77	0
2.6	0.4	0		0	0	800		-1.44	-13	-1.12		320	-2080	0		273.64	-1971.23	0		46.36	-108.77	0
2.6	0.4	0		0	0	820		-1.56	-13.44	-0.81		328	-2132	0		304.4	-2025.91	0		23.6	-106.09	0
2.6	0.4	0		0	0	840		-1.25	-13.5	-0.56		336	-2184	0		270.56	-2017.62	0		65.44	-166.38	0
2.6	0.4	0		0	0	860		-1.62	-14.62	-0.56		344	-2236	0		331.31	-2190.63	0		12.69	-45.37	0
2.6	0.4	0		0	0	880		-1.38	-14.5	-0.75		352	-2288	0		290.34	-2173.51	0		61.66	-114.49	0
2.6	0.4	0		0	0	900		-1.56	-14.44	-0.69		360	-2340	0		317.2	-2166.63	0		42.8	-173.37	0
2.6	0.1	0		0	0	20		0	-0.56	0		2	-52	0		4.96	-81.87	0		-2.96	29.87	0
2.6	0.1	0		0	0	40		0.06	-0.69	0		4	-104	0		-2.41	-98.52	0		6.41	-5.48	0
2.6	0.1	0		0	0	60		0	-0.69	0		6	-156	0		6.06	-100.07	0		-0.06	-55.93	0
2.6	0.1	0		0	0	80		0.06	-1.62	-0.06		8	-208	0		3.86	-237.4	0		4.14	29.4	0
2.6	0.1	0		0	0	100		0.06	-1.5	-0.06		10	-260	0		2.76	-219.2	0		7.24	-40.8	0
2.6	0.1	0		0	0	120		0.06	-1.5	-0.06		12	-312	0		2.76	-219.2	0		9.24	-92.8	0
2.6	0.1	0		0	0	140		0.12	-2.25	-0.06		14	-364	0		0.9	-326.83	0		13.1	-37.17	0
2.6	0.1	0		0	0	160		0.19	-2.19	-0.06		16	-416	0		-8.13	-316.19	0		24.13	-99.81	0
2.6	0.1	0		0	0	180		0.06	-2.12	0		18	-468	0		10.26	-307.76	0		7.74	-160.24	0
2.6	0.1	0		0	0	200		0.25	-3.06	-0.12		20	-520	0		-10.88	-444.42	0		30.88	-75.58	0
2.6	0.1	0		0	0	220		0.19	-2.44	-0.12		22	-572	0		-7.91	-354.99	0		29.91	-217.01	0
2.6	0.1	0		0	0	240		0.19	-2.94	-0.06		24	-624	0		-1.51	-425.35	0		25.51	-198.65	0
2.6	0.1	0		0	0	260		0.19	-3.75	-0.06		26	-676	0		5.65	-543.61	0		20.35	-132.39	0
2.6	0.1	0		0	0	280		0.19	-3.88	-0.06		28	-728	0		6.75	-561.81	0		21.25	-166.19	0
2.6	0.1	0		0	0	300		0.19	-3.69	-0.12		30	-780	0		3.11	-536.93	0		26.89	-243.07	0
2.6	0.1	0		0	0	320		0.31	-4.69	-0.62		32	-832	0		-20.96	-698.74	0		52.96	-133.26	0
2.6	0.1	0		0	0	340		0.38	-5	-0.12		34	-884	0		-10.74	-723.34	0		44.74	-160.66	0
2.6	0.1	0		0	0	360		0.25	-4.88	-0.19		36	-936	0		3.11	-710.65	0		32.89	-225.35	0
2.6	0.1	0		0	0	380		0.38	-5.69	-1.19		38	-988	0		-38.54	-864.5	0		76.54	-123.5	0
2.6	0.1	0		0	0	400		0.19	-5.56	-0.25		40	-1040	0		15.65	-814.68	0		24.35	-225.32	0
2.6	0.1	0		0	0	420		0.38	-5.88	0.19		42	-1092	0		6.93	-838.62	0		35.07	-253.38	0
2.6	0.1	0		0	0	440		0.38	-6.44	-0.25		44	-1144	0		-2.05	-937.41	0		46.05	-206.59	0
2.6	0.1	0		0	0	460		0.38	-6.81	-0.31		46	-1196	0		-0.74	-994.41	0		46.74	-201.59	0
2.6	0.1	0		0	0	480		0.5	-6.69	-0.31		48	-1248	0		-18.78	-973.13	0		66.78	-274.87	0
2.6	0.1	0		0	0	500		0.5	-7.88	-0.31		50	-1300	0		-8.32	-1145.98	0		58.32	-154.02	0
2.6	0.1	0		0	0	520		0.56	-8	-0.69		52	-1352	0		-27.64	-1177.13	0		79.64	-174.87	0
2.6	0.1	0		0	0	540		0.56	-7.75	-0.38		54	-1404	0		-19.88	-1128.65	0		73.88	-275.35	0
2.6	0.1	0		0	0	560		0.5	-8.75	-0.56		56	-1456	0		-8.57	-1283	0		64.57	-173	0
2.6	0.1	0		0	0	580		0.56	-9.25	-0.69		58	-1508	0		-16.62	-1359.07	0		74.62	-148.93	0
2.6	0.1	0		0	0	600		0.44	-8.62	-0.31		60	-1560	0		6.77	-1256.69	0		53.23	-303.31	0
2.6	0.1	0		0	0	620		0.56	-10.25	-0.56		62	-1612	0		-3.82	-1499.79	0		65.82	-112.21	0
2.6	0.1	0		0	0	640		0.38	-9.44	-0.31		64	-1664	0		22.41	-1376.49	0		41.59	-287.51	0
2.6	0.1	0		0	0	660		0.56	-10	-0.44		66	-1716	0		-2.04	-1458.57	0		68.04	-257.43	0
2.6	0.1	0		0	0	680		0.75	-11.44	-0.69		68	-1768	0		-22.75	-1672.84	0		90.75	-95.16	0
2.6	0.1	0		0	0	700		0.62	-11.25	-0.38		70	-1820	0		2.5	-1636.55	0		67.5	-183.45	0
2.6	0.1	0		0	0	720		0.62	-11.06	-0.31		72	-1872	0		2.84	-1606.84	0		69.16	-265.16	0
2.6	0.1	0		0	0	740		0.88	-13.12	-1		74	-1924	0		-34.78	-1927.46	0		108.78	3.46	0
2.6	0.1	0		0	0	760		0.69	-12.31	-1.06		76	-1976	0		-18.51	-1816.25	0		94.51	-159.75	0
2.6	0.1	0		0	0	780		0.69	-12.56	-0.44		78	-2028	0		3.61	-1828.46	0		74.39	-199.54	0
2.6	0.1	0		0	0	800		0.75	-13.88	-0.19		80	-2080	0		14.67	-2008.29	0		65.33	-71.71	0
2.6	0.1	0		0	0	820		0.88	-14.25	-2.19		82	-2132	0		-62.71	-2137.13	0		144.71	5.13	0
2.6	0.1	0		0	0	840		1	-14	-0.56		84	-2184	0		-30.07	-2034.81	0		114.07	-149.19	0
2.6	0.1	0		0	0	860		1.06	-15.38	-1		86	-2236	0		-40.36	-2250.33	0		126.36	14.33	0
2.6	0.1	0		0	0	880		0.88	-15.38	-1.62		88	-2288	0		-34.86	-2279.13	0		122.86	-8.87	0
2.6	0.1	0		0	0	900		0.81	-15.31	-0.56		90	-2340	0		6.92	-2230.49	0		83.08	-109.51	0
2.6	0.1	0		0	0	920		1	-16.12	-0.69		92	-2392	0		-15.32	-2348.95	0		107.32	-43.05	0
2.6	0.1	0		0	0	940		1.06	-15.94	-0.69		94	-2444	0		-25.44	-2320.12	0		119.44	-123.88	0
2.6	0.1	0		0	0	960		1	-15.44	-0.62		96	-2496	0		-19.39	-2246.47	0		115.39	-249.53	0
2.6	-0.2	0		0	0	20		0.06	-0.56	0		-4	-52	0		-3.51	-80.33	0		-0.49	28.33	0
2.6	-0.2	0		0	0	40		0.06	-0.69	0		-8	-104	0		-2.41	-98.52	0		-5.59	-5.48	0
2.6	-0.2	0		0	0	60		0.06	-0.56	0		-12	-156	0		-3.51	-80.33	0		-8.49	-75.67	0
2.6	-0.2	0		0	0	80		0.25	-1.62	0		-16	-208	0		-19.57	-230.35	0		3.57	22.35	0
2.6	-0.2	0		0	0	100		0.25	-1.44	0		-20	-260	0		-21.22	-203.06	0		1.22	-56.94	0
2.6	-0.2	0		0	0	120		0.31	-1.38	0		-24	-312	0		-30.24	-192.42	0		6.24	-119.58	0
2.6	-0.2	0		0	0	140		0.56	-2.12	0		-28	-364	0		-57.52	-295.41	0		29.52	-68.59	0
2.6	-0.2	0		0	0	160		0.5	-2.06	-0.12		-32	-416	0		-53.58	-292.69	0		21.58	-123.31	0
2.6	-0.2	0		0	0	180		0.56	-2.06	-0.06		-36	-468	0		-60.07	-288.73	0		24.07	-179.27	0
2.6	-0.2	0		0	0	200		0.81	-3.25	-0.19		-40	-520	0		-87.47	-460.23	0		47.47	-59.77	0
2.6	-0.2	0		0	0	220		0.69	-2.88	-0.12		-44	-572	0		-71.84	-406.32	0		27.84	-165.68	0
2.6	-0.2	0		0	0	240		0.81	-3.31	-1.31		-48	-624	0		-122.78	-512.83	0		74.78	-111.17	0
2.6	-0.2	0		0	0	260		0.81	-3.56	-0.19		-52	-676	0		-84.72	-505.72	0		32.72	-170.28	0
2.6	-0.2	0		0	0	280		0.94	-4.06	-0.06		-56	-728	0		-93.27	-570.57	0		37.27	-157.43	0
2.6	-0.2	0		0	0	300		0.88	-3.88	-0.06		-60	-780	0		-86.45	-544.83	0		26.45	-235.17	0
2.6	-0.2	0		0	0	320		1	-4.94	-0.12		-64	-832	0		-96.02	-698.81	0		32.02	-133.19	0
2.6	-0.2	0		0	0	340		1.19	-4.81	-0.19		-68	-884	0		-124.54	-678.4	0		56.54	-205.6	0
2.6	-0.2	0		0	0	360		1.31	-4.94	-0.19		-72	-936	0		-140.38	-693.5	0		68.38	-242.5	0
2.6	-0.2	0		0	0	380		1.5	-6.12	-0.25		-76	-988	0		-157.32	-864.13	0		81.32	-123.87	0
2.6	-0.2	0		0	0	400		1.25	-5.56	-0.25		-80	-1040	0		-128.39	-788.44	0		48.39	-251.56	0
2.6	-0.2	0		0	0	420		1.31	-5.12	-0.25		-84	-1092	0		-140.72	-723.21	0		56.72	-368.79	0
2.6	-0.2	0		0	0	440		1.69	-7.19	-0.19		-88	-1144	0		-171.38	-1011.74	0		83.38	-132.26	0
2.6	-0.2	0		0	0	460		1.56	-7.06	-0.19		-92	-1196	0		-155.54	-996.63	0		63.54	-199.37	0
2.6	-0.2	0		0	0	480		1.56	-6.88	-0.19		-96	-1248	0		-157.19	-969.34	0		61.19	-278.66	0
2.6	-0.2	0		0	0	500		1.75	-7.81	-0.31		-100	-1300	0		-178.33	-1106	0		78.33	-194	0
2.6	-0.2	0		0	0	520		1.88	-8.06	-0.31		-104	-1352	0		-193.07	-1139.3	0		89.07	-212.7	0
2.6	-0.2	0		0	0	540		2.06	-8.75	-0.38		-108	-1404	0		-214.42	-1237.15	0		106.42	-166.85	0
2.6	-0.2	0		0	0	560		0.06	-8.69	-0.44		-112	-1456	0		54.18	-1279.88	0		-166.18	-176.12	0
2.6	-0.2	0		0	0	580		0.12	-9	-0.25		-116	-1508	0		54.43	-1316.57	0		-170.43	-191.43	0
2.6	-0.2	0		0	0	600		0.12	-9.25	-0.31		-120	-1560	0		54.65	-1355.38	0		-174.65	-204.62	0
2.6	-0.2	0		0	0	620		0.25	-9.75	-1.62		-124	-1612	0		0.28	-1475.82	0		-124.28	-136.18	0
2.6	-0.2	0		0	0	640		0.5	-10.31	-0.69		-128	-1664	0		1.22	-1515.27	0		-129.22	-148.73	0
2.6	-0.2	0		0	0	660		0.5	-10.62	-0.38		-132	-1716	0		13.94	-1548.67	0		-145.94	-167.33	0
2.6	-0.2	0		0	0	680		0.94	-11.94	-1.19		-136	-1768	0		-59.7	-1760.32	0		-76.3	-7.68	0
2.6	-0.2	0		0	0	700		0.44	-10.88	-0.69		-140	-1820	0		14.66	-1598.69	0		-154.66	-221.31	0
2.6	-0.2	0		0	0	720		0.69	-11.81	-1.19		-144	-1872	0		-26.91	-1748.3	0		-117.09	-123.7	0
2.6	-0.2	0		0	0	740		1.19	-13.12	-1.81		-148	-1924	0		-103.04	-1951.16	0		-44.96	27.16	0
2.6	-0.2	0		0	0	760		1.06	-13.06	-0.5		-152	-1976	0		-44.81	-1894.4	0		-107.19	-81.6	0
2.6	-0.2	0		0	0	780		1.06	-13.19	-0.56		-156	-2028	0		-45.7	-1915.01	0		-110.3	-112.99	0
2.6	-0.2	0		0	0	800		1.12	-13.25	-0.5		-160	-2080	0		-51.63	-1920.14	0		-108.37	-159.86	0
2.6	-0.2	0		0	0	820		1.38	-14.44	-2.31		-164	-2132	0		-132.82	-2156.91	0		-31.18	24.91	0
2.6	-0.2	0		0	0	840		1.38	-14.44	-1		-168	-2184	0		-90.99	-2106.15	0		-77.01	-77.85	0
2.6	-0.2	0		0	0	860		1.56	-15.38	-0.62		-172	-2236	0		-96.19	-2223.47	0		-75.81	-12.53	0
2.6	-0.2	0		0	0	880		1.5	-15	-0.75		-176	-2288	0		-95.01	-2175.27	0		-80.99	-112.73	0
2.6	-0.2	0		0	0	900		1.62	-15.56	-0.56		-180	-2340	0		-101.02	-2246.8	0		-78.98	-93.2	0
